{"train_loss": [0.3178911442613611, 0.27202076532973135, 0.2713929773919488, 0.2647717429911354, 0.2689724204538582, 0.2695273072872427, 0.2568828117100689, 0.26081804069120557, 0.2540299977022152, 0.2532857888130066, 0.23889677727160047, 0.23143590002304504, 0.22353619518503673, 0.2141053816129762, 0.21017543590115845, 0.20387897652226217, 0.19938924376734335, 0.18926137984630312, 0.1820467306781234, 0.1728834909329406], "val_roc": [0.8037196770713816, 0.8172841048295574, 0.8451298114963983, 0.8006018957541305, 0.8105592049417689, 0.8049072701736248, 0.8173821557218448, 0.8108533758181526, 0.8412532898399043, 0.8427687795167191, 0.8533345612066079, 0.8432910700846928, 0.8752079345757485, 0.867563643155805, 0.8849491303239772, 0.8793670982564112, 0.8883822175142659, 0.8910150316978086, 0.9051766300031033, 0.8941227307566116], "val_loss": [0.358944488497199, 0.28491556794045203, 0.2764578611671601, 0.2854965059992436, 0.31502604627535524, 0.300670756268766, 0.30495993360874446, 0.2892373724939891, 0.27050062190141805, 0.25922938863210415, 0.26576851942084506, 0.2696594560971584, 0.2509504818524563, 0.25154752859020646, 0.24302042945115468, 0.2498779413919825, 0.2508652077216231, 0.23128031935929252, 0.22833036638983625, 0.2267875824993485]}