{"train_loss": [0.30039154435717474, 0.2686754943327664, 0.2614578617643993, 0.25639653349515973, 0.24943338282397523, 0.24778410916355553, 0.24238006480398472, 0.2399138471374945, 0.23374150224879175, 0.2294551495729201, 0.2230125887061509, 0.21668829021235012, 0.21303968762348827, 0.21060532013379651, 0.20450127656106173, 0.19612745886361935, 0.19152442393840508, 0.1776141078833822, 0.16788238444372786, 0.16304513818146632], "val_roc": [0.8170528865392708, 0.748113032630885, 0.8286711571321907, 0.8283165207785791, 0.8046055032815499, 0.7879250871092534, 0.8426790482441042, 0.8388063880791272, 0.8540526437336726, 0.8608619208320348, 0.8719546540956731, 0.8606044931339338, 0.8751741065251476, 0.8725591881405064, 0.8762858336298613, 0.875587781447928, 0.8705716138902577, 0.8730323439482539, 0.8851653518285858, 0.8811644707770687], "val_loss": [0.2878753426312463, 0.4761493193568606, 0.2839531796149523, 0.3340642894052978, 0.5044112985339825, 0.4537332515327557, 0.27012020670986264, 0.33002138397278413, 0.271032827703563, 0.25980215863845374, 0.2504595487347468, 0.2576552653202497, 0.25655585332898106, 0.2497666232751786, 0.25259667294607224, 0.26263698548126807, 0.28078221451844526, 0.2706412184577927, 0.2688270826705072, 0.26733999998242347]}