{"train_loss": [0.29938396544724616, 0.29347548982944766, 0.2912452733978867, 0.2899034858056133, 0.2886545455211135, 0.28799945935747817, 0.2873514292489987, 0.2866512666652996, 0.2864540518280509, 0.2859005383640848, 0.28498477610166295, 0.2847418388999553, 0.283232577872768, 0.2799070743988928, 0.2723527549838596, 0.26541090091216263, 0.2607534355391143, 0.2575168975452607, 0.254354980283653, 0.2515998862345183], "val_roc": [0.590075080668744, 0.6121457257127515, 0.6222998906065225, 0.6225266465944148, 0.625182134429228, 0.6271409463278891, 0.6292333071804247, 0.6333880387411943, 0.6380160212680559, 0.6305835485878508, 0.6350772419584689, 0.6360256856592408, 0.6455482146024956, 0.6722576596666067, 0.712618284634907, 0.7301175827545165, 0.7482420325876312, 0.7518875969424033, 0.7535935169929356, 0.7473446238520076], "val_loss": [0.2951565110182702, 0.290461828532485, 0.28873076128350755, 0.2887017145975633, 0.29040931581381096, 0.2875558975511657, 0.2880043163179475, 0.28800299966008136, 0.28659298246367837, 0.2872445243559318, 0.28749010197915587, 0.29243102109434693, 0.2847981399898555, 0.2827611164273233, 0.2724133899441181, 0.2715519677350981, 0.26276429450155403, 0.26316488995165666, 0.2609111383963385, 0.26865018473157476]}