{"train_loss": [0.2246355008560421, 0.1939234327294104, 0.18031172576570947, 0.1677271564868126, 0.15286615066404366, 0.1378609341689306, 0.11212086945392204, 0.09421875213773928, 0.08184723096484432, 0.06823845777687738, 0.050325344472794735, 0.050928879834015894, 0.03575912896246939, 0.023249618199342674], "val_roc": [0.880801148023371, 0.8764976983642117, 0.8894035455464483, 0.892352877202421, 0.8992336881475346, 0.8938619792723669, 0.8874350979195047, 0.8911668348989812, 0.8827366016415356, 0.8845206816152906, 0.8735007725020892, 0.8759489157923992, 0.8739506122281673, 0.8675654293528214], "val_loss": [0.19905909724281393, 0.20866268328838752, 0.18493214671446384, 0.19084116876618895, 0.18517153812529139, 0.19435348520940363, 0.22706958963267032, 0.23374527410894672, 0.25385806797092625, 0.27809808617297854, 0.35263807143528564, 0.33652677022866867, 0.4096572428099014, 0.5066376808446045]}