{"train_loss": [0.303349256419979, 0.29578934865981543, 0.29369827829045847, 0.29247914565590066, 0.28425302853402035, 0.27298849177147144, 0.26779272574159546, 0.2631510552779184, 0.2587987453754879, 0.25609887228278166], "val_roc": [0.5659018394819795, 0.5741992108799422, 0.5779808297131767, 0.5908517399902509, 0.6857394828592682, 0.7088567664608383, 0.7264566022282664, 0.7336477222828355, 0.7508864963861812, 0.7609243865681216], "val_loss": [0.3033110864692794, 0.29688518770793676, 0.2944704653065753, 0.29100011887459204, 0.27745420359358214, 0.2757228906926802, 0.2682892179649157, 0.27230566067032874, 0.25751506240514976, 0.25839425512835335]}