{"train_loss": [0.3006468902581778, 0.29223130368293326, 0.28159902526250397, 0.26251707526322526, 0.25554865902132595, 0.2506628221784101, 0.24666216688385872, 0.24202852018550072, 0.2369143245075619, 0.23239832145902142, 0.22628815521677903, 0.21734795456732678, 0.20826253525137325, 0.1954284300995568, 0.18454872205544615, 0.16094599334533286, 0.1462757626523395, 0.1257847561730144, 0.11051639111281425], "val_roc": [0.5022072781151314, 0.558351565712683, 0.6853280931942025, 0.7433093990133881, 0.7560420235675005, 0.7665816683231301, 0.7845824944368076, 0.7811480511955604, 0.7856435844345525, 0.789813303926245, 0.796553535015477, 0.7904330336238298, 0.7922423749178414, 0.7941024067256081, 0.7911243947653114, 0.778829590572607, 0.778745457926386, 0.7824630930990242, 0.7733814483628864], "val_loss": [0.2983487009709216, 0.30280272800166236, 0.29005489793720146, 0.2614199739192116, 0.2562166052104931, 0.25565977599007234, 0.2535533977317789, 0.24818894409373057, 0.25027611388937393, 0.25051945249106483, 0.2437669258191373, 0.26652910429990045, 0.25963665600055913, 0.25748564850769584, 0.2647513443287095, 0.3013075405033318, 0.30432872611542633, 0.33177050137677905, 0.3877990194097828]}