{"train_loss": [0.2992725728715529, 0.2842050214454603, 0.27036080729967854, 0.2684692794020081, 0.2668092313083808, 0.26520306654506676, 0.2648057807449393, 0.26054347573291414, 0.2522907711676237, 0.25393903158265696, 0.24654007972718261, 0.24690594632966126, 0.23844130094353153, 0.22535548977507663, 0.21811603687981002, 0.20913063749353247, 0.20382333062731603, 0.1894038009786937, 0.15880850167978022, 0.14035002116760326], "val_roc": [0.823423077067838, 0.8046854782152211, 0.82643735748992, 0.8229989016696407, 0.8223808648159492, 0.7993047550945318, 0.8144242976752754, 0.8197206964978742, 0.8288724269140646, 0.8326409711210246, 0.8339745019385413, 0.8466865660455302, 0.8539826263650652, 0.8505551454737332, 0.8618019627321309, 0.8607936575772852, 0.868527701681592, 0.8774415966421543, 0.8737384423695348, 0.8731752701791656], "val_loss": [0.28570814163180375, 0.32779780578703205, 0.28370756318452967, 0.28456840286959156, 0.2653662960071764, 0.2812282903697605, 0.2856593238220463, 0.27130935318772587, 0.2858586953945929, 0.26418846215118547, 0.27274134402732036, 0.26579316417525206, 0.25742649336743584, 0.27019317625033523, 0.25167518577277853, 0.2627536105948349, 0.25386719330974855, 0.3113152393948058, 0.3297853353350064, 0.32830877564647043]}