{"loss":{"0":1.2567275878,"1":1.2397076482,"2":1.2050945937,"3":1.1510348762,"4":1.1399090295,"5":1.1315100944,"6":1.1306840782,"7":1.1298301844},"auc":{"0":0.8894387484,"1":0.9056308866,"2":0.9296869636,"3":0.9561026692,"4":0.9603865147,"5":0.9631640315,"6":0.9635797739,"7":0.9638500214},"val_loss":{"0":1.2573089611,"1":1.2574955859,"2":1.2803174323,"3":1.3024272345,"4":1.3127056535,"5":1.3138733342,"6":1.3150908488,"7":1.3152467368},"val_auc":{"0":0.8958505988,"1":0.8883935809,"2":0.8787785769,"3":0.8739190102,"4":0.8715289235,"5":0.8709188104,"6":0.8714742661,"7":0.8712033033},"lr":{"0":0.001,"1":0.001,"2":0.001,"3":0.0001,"4":0.0001,"5":0.00001,"6":0.00001,"7":0.000001}}