{"train_loss": [0.30617731601441783, 0.2962679917382286, 0.29394372953534065, 0.29246755909879046, 0.28724821592374816, 0.2795553758891636, 0.2740983766708419, 0.2682370396341468, 0.2637674043220736, 0.2608780344481054, 0.25674183669698614, 0.2531974890939, 0.2505108227212443, 0.24590803367170122, 0.24359442795383332, 0.23894872303324338, 0.23546098741886268, 0.23072553510954427, 0.2257746160656951, 0.21942143323345045], "val_roc": [0.5292714133936497, 0.5623440440260585, 0.5539790586627763, 0.597476519988775, 0.6569146664227974, 0.6846983918609626, 0.7173526569798097, 0.709808113590776, 0.7465640818256185, 0.7497430633567775, 0.7547157578391779, 0.7553311195243524, 0.7624864457611118, 0.7729954806456283, 0.7829294397387121, 0.7898051230345209, 0.7942192977781873, 0.7935067769601484, 0.787558999375476, 0.7961532936971893], "val_loss": [0.30173254095242025, 0.29476664434039884, 0.2956430951577796, 0.28994554143500284, 0.28223675627823097, 0.2759687741087115, 0.27285380397184544, 0.2713082851479308, 0.2596216867824609, 0.25945879589000187, 0.258242727819271, 0.2562208673158418, 0.25480286986011735, 0.2574322338062561, 0.2505174355300198, 0.24956152063127582, 0.24392224954505978, 0.25224856239613747, 0.2505804551607009, 0.24741464247916567]}