{"train_loss": [0.3046328268234901, 0.2952087362353486, 0.29433378165192087, 0.2936280330969495, 0.2935913531575633, 0.29223074378705927, 0.29196672223639, 0.2909898794424053, 0.29153064392739003, 0.2872695374064793, 0.2783340102520395, 0.27197716362178825, 0.26749554801040215, 0.2645096853693347, 0.2620862005197954, 0.25993250098449905, 0.2615002742761549, 0.2539633037704001, 0.25279359651589284, 0.25030533988430503], "val_roc": [0.5218797440832091, 0.5266630513527822, 0.5496301667204837, 0.5745301117100434, 0.5632649499169938, 0.5769203435009542, 0.5936672080706231, 0.5945764096058139, 0.5788425850839325, 0.6334597275627107, 0.7000282449056374, 0.696585923651657, 0.7258002167297832, 0.721858934788181, 0.7428902483980346, 0.7417915633211793, 0.7401817109776714, 0.749781916847198, 0.7600330632253705, 0.7561692616305369], "val_loss": [0.3008888819389686, 0.29577900803852836, 0.29348823384527656, 0.29227171848321865, 0.2923376179120358, 0.2924224776847969, 0.29175010895074055, 0.29143605656931365, 0.29168546625230035, 0.28978756879499373, 0.27402080969639225, 0.27425512602331464, 0.26647904283130325, 0.2745736106982474, 0.25925212879755877, 0.26034207394039305, 0.2642505321839515, 0.2569326644258672, 0.25608459845283255, 0.2589419377989776]}